region,dataset,model_name,threshold,tp,fp,tn,fn,precision,recall,f1,weighted_cost_per_sample,weighted_cost_normalized,utility_profile,fn_weight,fp_weight,n_samples,positive_count,negative_count
houston,houston_pooled_pairwise,hgbt,0.00,40,384,0,0,0.0943,1.0000,0.1724,0.905660,0.657534,miss_sensitive_fn5_fp1,5.00,1.00,424,40,384
houston,houston_pooled_pairwise,hgbt,0.01,38,21,363,2,0.6441,0.9500,0.7677,0.073113,0.053082,miss_sensitive_fn5_fp1,5.00,1.00,424,40,384
houston,houston_pooled_pairwise,hgbt,0.02,36,14,370,4,0.7200,0.9000,0.8000,0.080189,0.058219,miss_sensitive_fn5_fp1,5.00,1.00,424,40,384
houston,houston_pooled_pairwise,hgbt,0.03,36,13,371,4,0.7347,0.9000,0.8090,0.077830,0.056507,miss_sensitive_fn5_fp1,5.00,1.00,424,40,384
houston,houston_pooled_pairwise,hgbt,0.04,36,11,373,4,0.7660,0.9000,0.8276,0.073113,0.053082,miss_sensitive_fn5_fp1,5.00,1.00,424,40,384
houston,houston_pooled_pairwise,hgbt,0.05,36,10,374,4,0.7826,0.9000,0.8372,0.070755,0.051370,miss_sensitive_fn5_fp1,5.00,1.00,424,40,384
houston,houston_pooled_pairwise,hgbt,0.06,36,10,374,4,0.7826,0.9000,0.8372,0.070755,0.051370,miss_sensitive_fn5_fp1,5.00,1.00,424,40,384
houston,houston_pooled_pairwise,hgbt,0.07,35,10,374,5,0.7778,0.8750,0.8235,0.082547,0.059932,miss_sensitive_fn5_fp1,5.00,1.00,424,40,384
houston,houston_pooled_pairwise,hgbt,0.08,35,10,374,5,0.7778,0.8750,0.8235,0.082547,0.059932,miss_sensitive_fn5_fp1,5.00,1.00,424,40,384
houston,houston_pooled_pairwise,hgbt,0.09,35,10,374,5,0.7778,0.8750,0.8235,0.082547,0.059932,miss_sensitive_fn5_fp1,5.00,1.00,424,40,384
houston,houston_pooled_pairwise,hgbt,0.10,35,10,374,5,0.7778,0.8750,0.8235,0.082547,0.059932,miss_sensitive_fn5_fp1,5.00,1.00,424,40,384
houston,houston_pooled_pairwise,hgbt,0.11,35,10,374,5,0.7778,0.8750,0.8235,0.082547,0.059932,miss_sensitive_fn5_fp1,5.00,1.00,424,40,384
houston,houston_pooled_pairwise,hgbt,0.12,35,9,375,5,0.7955,0.8750,0.8333,0.080189,0.058219,miss_sensitive_fn5_fp1,5.00,1.00,424,40,384
houston,houston_pooled_pairwise,hgbt,0.13,35,9,375,5,0.7955,0.8750,0.8333,0.080189,0.058219,miss_sensitive_fn5_fp1,5.00,1.00,424,40,384
houston,houston_pooled_pairwise,hgbt,0.14,35,9,375,5,0.7955,0.8750,0.8333,0.080189,0.058219,miss_sensitive_fn5_fp1,5.00,1.00,424,40,384
houston,houston_pooled_pairwise,hgbt,0.15,35,9,375,5,0.7955,0.8750,0.8333,0.080189,0.058219,miss_sensitive_fn5_fp1,5.00,1.00,424,40,384
houston,houston_pooled_pairwise,hgbt,0.16,35,8,376,5,0.8140,0.8750,0.8434,0.077830,0.056507,miss_sensitive_fn5_fp1,5.00,1.00,424,40,384
houston,houston_pooled_pairwise,hgbt,0.17,35,8,376,5,0.8140,0.8750,0.8434,0.077830,0.056507,miss_sensitive_fn5_fp1,5.00,1.00,424,40,384
houston,houston_pooled_pairwise,hgbt,0.18,35,8,376,5,0.8140,0.8750,0.8434,0.077830,0.056507,miss_sensitive_fn5_fp1,5.00,1.00,424,40,384
houston,houston_pooled_pairwise,hgbt,0.19,35,8,376,5,0.8140,0.8750,0.8434,0.077830,0.056507,miss_sensitive_fn5_fp1,5.00,1.00,424,40,384
houston,houston_pooled_pairwise,hgbt,0.20,35,7,377,5,0.8333,0.8750,0.8537,0.075472,0.054795,miss_sensitive_fn5_fp1,5.00,1.00,424,40,384
houston,houston_pooled_pairwise,hgbt,0.21,32,7,377,8,0.8205,0.8000,0.8101,0.110849,0.080479,miss_sensitive_fn5_fp1,5.00,1.00,424,40,384
houston,houston_pooled_pairwise,hgbt,0.22,32,7,377,8,0.8205,0.8000,0.8101,0.110849,0.080479,miss_sensitive_fn5_fp1,5.00,1.00,424,40,384
houston,houston_pooled_pairwise,hgbt,0.23,32,7,377,8,0.8205,0.8000,0.8101,0.110849,0.080479,miss_sensitive_fn5_fp1,5.00,1.00,424,40,384
houston,houston_pooled_pairwise,hgbt,0.24,32,7,377,8,0.8205,0.8000,0.8101,0.110849,0.080479,miss_sensitive_fn5_fp1,5.00,1.00,424,40,384
houston,houston_pooled_pairwise,hgbt,0.25,32,7,377,8,0.8205,0.8000,0.8101,0.110849,0.080479,miss_sensitive_fn5_fp1,5.00,1.00,424,40,384
houston,houston_pooled_pairwise,hgbt,0.26,32,6,378,8,0.8421,0.8000,0.8205,0.108491,0.078767,miss_sensitive_fn5_fp1,5.00,1.00,424,40,384
houston,houston_pooled_pairwise,hgbt,0.27,32,6,378,8,0.8421,0.8000,0.8205,0.108491,0.078767,miss_sensitive_fn5_fp1,5.00,1.00,424,40,384
houston,houston_pooled_pairwise,hgbt,0.28,32,6,378,8,0.8421,0.8000,0.8205,0.108491,0.078767,miss_sensitive_fn5_fp1,5.00,1.00,424,40,384
houston,houston_pooled_pairwise,hgbt,0.29,32,6,378,8,0.8421,0.8000,0.8205,0.108491,0.078767,miss_sensitive_fn5_fp1,5.00,1.00,424,40,384
houston,houston_pooled_pairwise,hgbt,0.30,32,6,378,8,0.8421,0.8000,0.8205,0.108491,0.078767,miss_sensitive_fn5_fp1,5.00,1.00,424,40,384
houston,houston_pooled_pairwise,hgbt,0.31,32,6,378,8,0.8421,0.8000,0.8205,0.108491,0.078767,miss_sensitive_fn5_fp1,5.00,1.00,424,40,384
houston,houston_pooled_pairwise,hgbt,0.32,32,5,379,8,0.8649,0.8000,0.8312,0.106132,0.077055,miss_sensitive_fn5_fp1,5.00,1.00,424,40,384
houston,houston_pooled_pairwise,hgbt,0.33,32,5,379,8,0.8649,0.8000,0.8312,0.106132,0.077055,miss_sensitive_fn5_fp1,5.00,1.00,424,40,384
houston,houston_pooled_pairwise,hgbt,0.34,32,5,379,8,0.8649,0.8000,0.8312,0.106132,0.077055,miss_sensitive_fn5_fp1,5.00,1.00,424,40,384
houston,houston_pooled_pairwise,hgbt,0.35,32,5,379,8,0.8649,0.8000,0.8312,0.106132,0.077055,miss_sensitive_fn5_fp1,5.00,1.00,424,40,384
houston,houston_pooled_pairwise,hgbt,0.36,32,5,379,8,0.8649,0.8000,0.8312,0.106132,0.077055,miss_sensitive_fn5_fp1,5.00,1.00,424,40,384
houston,houston_pooled_pairwise,hgbt,0.37,32,5,379,8,0.8649,0.8000,0.8312,0.106132,0.077055,miss_sensitive_fn5_fp1,5.00,1.00,424,40,384
houston,houston_pooled_pairwise,hgbt,0.38,32,5,379,8,0.8649,0.8000,0.8312,0.106132,0.077055,miss_sensitive_fn5_fp1,5.00,1.00,424,40,384
houston,houston_pooled_pairwise,hgbt,0.39,32,5,379,8,0.8649,0.8000,0.8312,0.106132,0.077055,miss_sensitive_fn5_fp1,5.00,1.00,424,40,384
houston,houston_pooled_pairwise,hgbt,0.40,31,5,379,9,0.8611,0.7750,0.8158,0.117925,0.085616,miss_sensitive_fn5_fp1,5.00,1.00,424,40,384
houston,houston_pooled_pairwise,hgbt,0.41,31,5,379,9,0.8611,0.7750,0.8158,0.117925,0.085616,miss_sensitive_fn5_fp1,5.00,1.00,424,40,384
houston,houston_pooled_pairwise,hgbt,0.42,31,5,379,9,0.8611,0.7750,0.8158,0.117925,0.085616,miss_sensitive_fn5_fp1,5.00,1.00,424,40,384
houston,houston_pooled_pairwise,hgbt,0.43,31,5,379,9,0.8611,0.7750,0.8158,0.117925,0.085616,miss_sensitive_fn5_fp1,5.00,1.00,424,40,384
houston,houston_pooled_pairwise,hgbt,0.44,31,4,380,9,0.8857,0.7750,0.8267,0.115566,0.083904,miss_sensitive_fn5_fp1,5.00,1.00,424,40,384
houston,houston_pooled_pairwise,hgbt,0.45,31,3,381,9,0.9118,0.7750,0.8378,0.113208,0.082192,miss_sensitive_fn5_fp1,5.00,1.00,424,40,384
houston,houston_pooled_pairwise,hgbt,0.46,31,3,381,9,0.9118,0.7750,0.8378,0.113208,0.082192,miss_sensitive_fn5_fp1,5.00,1.00,424,40,384
houston,houston_pooled_pairwise,hgbt,0.47,30,3,381,10,0.9091,0.7500,0.8219,0.125000,0.090753,miss_sensitive_fn5_fp1,5.00,1.00,424,40,384
houston,houston_pooled_pairwise,hgbt,0.48,29,3,381,11,0.9062,0.7250,0.8056,0.136792,0.099315,miss_sensitive_fn5_fp1,5.00,1.00,424,40,384
houston,houston_pooled_pairwise,hgbt,0.49,29,3,381,11,0.9062,0.7250,0.8056,0.136792,0.099315,miss_sensitive_fn5_fp1,5.00,1.00,424,40,384
houston,houston_pooled_pairwise,hgbt,0.50,29,3,381,11,0.9062,0.7250,0.8056,0.136792,0.099315,miss_sensitive_fn5_fp1,5.00,1.00,424,40,384
houston,houston_pooled_pairwise,hgbt,0.51,29,3,381,11,0.9062,0.7250,0.8056,0.136792,0.099315,miss_sensitive_fn5_fp1,5.00,1.00,424,40,384
houston,houston_pooled_pairwise,hgbt,0.52,29,2,382,11,0.9355,0.7250,0.8169,0.134434,0.097603,miss_sensitive_fn5_fp1,5.00,1.00,424,40,384
houston,houston_pooled_pairwise,hgbt,0.53,29,2,382,11,0.9355,0.7250,0.8169,0.134434,0.097603,miss_sensitive_fn5_fp1,5.00,1.00,424,40,384
houston,houston_pooled_pairwise,hgbt,0.54,29,2,382,11,0.9355,0.7250,0.8169,0.134434,0.097603,miss_sensitive_fn5_fp1,5.00,1.00,424,40,384
houston,houston_pooled_pairwise,hgbt,0.55,29,2,382,11,0.9355,0.7250,0.8169,0.134434,0.097603,miss_sensitive_fn5_fp1,5.00,1.00,424,40,384
houston,houston_pooled_pairwise,hgbt,0.56,29,2,382,11,0.9355,0.7250,0.8169,0.134434,0.097603,miss_sensitive_fn5_fp1,5.00,1.00,424,40,384
houston,houston_pooled_pairwise,hgbt,0.57,29,2,382,11,0.9355,0.7250,0.8169,0.134434,0.097603,miss_sensitive_fn5_fp1,5.00,1.00,424,40,384
houston,houston_pooled_pairwise,hgbt,0.58,29,2,382,11,0.9355,0.7250,0.8169,0.134434,0.097603,miss_sensitive_fn5_fp1,5.00,1.00,424,40,384
houston,houston_pooled_pairwise,hgbt,0.59,29,2,382,11,0.9355,0.7250,0.8169,0.134434,0.097603,miss_sensitive_fn5_fp1,5.00,1.00,424,40,384
houston,houston_pooled_pairwise,hgbt,0.60,29,2,382,11,0.9355,0.7250,0.8169,0.134434,0.097603,miss_sensitive_fn5_fp1,5.00,1.00,424,40,384
houston,houston_pooled_pairwise,hgbt,0.61,29,2,382,11,0.9355,0.7250,0.8169,0.134434,0.097603,miss_sensitive_fn5_fp1,5.00,1.00,424,40,384
houston,houston_pooled_pairwise,hgbt,0.62,29,2,382,11,0.9355,0.7250,0.8169,0.134434,0.097603,miss_sensitive_fn5_fp1,5.00,1.00,424,40,384
houston,houston_pooled_pairwise,hgbt,0.63,29,2,382,11,0.9355,0.7250,0.8169,0.134434,0.097603,miss_sensitive_fn5_fp1,5.00,1.00,424,40,384
houston,houston_pooled_pairwise,hgbt,0.64,29,2,382,11,0.9355,0.7250,0.8169,0.134434,0.097603,miss_sensitive_fn5_fp1,5.00,1.00,424,40,384
houston,houston_pooled_pairwise,hgbt,0.65,29,2,382,11,0.9355,0.7250,0.8169,0.134434,0.097603,miss_sensitive_fn5_fp1,5.00,1.00,424,40,384
houston,houston_pooled_pairwise,hgbt,0.66,29,2,382,11,0.9355,0.7250,0.8169,0.134434,0.097603,miss_sensitive_fn5_fp1,5.00,1.00,424,40,384
houston,houston_pooled_pairwise,hgbt,0.67,29,2,382,11,0.9355,0.7250,0.8169,0.134434,0.097603,miss_sensitive_fn5_fp1,5.00,1.00,424,40,384
houston,houston_pooled_pairwise,hgbt,0.68,29,2,382,11,0.9355,0.7250,0.8169,0.134434,0.097603,miss_sensitive_fn5_fp1,5.00,1.00,424,40,384
houston,houston_pooled_pairwise,hgbt,0.69,29,2,382,11,0.9355,0.7250,0.8169,0.134434,0.097603,miss_sensitive_fn5_fp1,5.00,1.00,424,40,384
houston,houston_pooled_pairwise,hgbt,0.70,29,2,382,11,0.9355,0.7250,0.8169,0.134434,0.097603,miss_sensitive_fn5_fp1,5.00,1.00,424,40,384
houston,houston_pooled_pairwise,hgbt,0.71,29,2,382,11,0.9355,0.7250,0.8169,0.134434,0.097603,miss_sensitive_fn5_fp1,5.00,1.00,424,40,384
houston,houston_pooled_pairwise,hgbt,0.72,29,2,382,11,0.9355,0.7250,0.8169,0.134434,0.097603,miss_sensitive_fn5_fp1,5.00,1.00,424,40,384
houston,houston_pooled_pairwise,hgbt,0.73,29,2,382,11,0.9355,0.7250,0.8169,0.134434,0.097603,miss_sensitive_fn5_fp1,5.00,1.00,424,40,384
houston,houston_pooled_pairwise,hgbt,0.74,29,2,382,11,0.9355,0.7250,0.8169,0.134434,0.097603,miss_sensitive_fn5_fp1,5.00,1.00,424,40,384
houston,houston_pooled_pairwise,hgbt,0.75,29,2,382,11,0.9355,0.7250,0.8169,0.134434,0.097603,miss_sensitive_fn5_fp1,5.00,1.00,424,40,384
houston,houston_pooled_pairwise,hgbt,0.76,29,2,382,11,0.9355,0.7250,0.8169,0.134434,0.097603,miss_sensitive_fn5_fp1,5.00,1.00,424,40,384
houston,houston_pooled_pairwise,hgbt,0.77,29,2,382,11,0.9355,0.7250,0.8169,0.134434,0.097603,miss_sensitive_fn5_fp1,5.00,1.00,424,40,384
houston,houston_pooled_pairwise,hgbt,0.78,29,2,382,11,0.9355,0.7250,0.8169,0.134434,0.097603,miss_sensitive_fn5_fp1,5.00,1.00,424,40,384
houston,houston_pooled_pairwise,hgbt,0.79,29,2,382,11,0.9355,0.7250,0.8169,0.134434,0.097603,miss_sensitive_fn5_fp1,5.00,1.00,424,40,384
houston,houston_pooled_pairwise,hgbt,0.80,29,2,382,11,0.9355,0.7250,0.8169,0.134434,0.097603,miss_sensitive_fn5_fp1,5.00,1.00,424,40,384
houston,houston_pooled_pairwise,hgbt,0.81,29,2,382,11,0.9355,0.7250,0.8169,0.134434,0.097603,miss_sensitive_fn5_fp1,5.00,1.00,424,40,384
houston,houston_pooled_pairwise,hgbt,0.82,29,2,382,11,0.9355,0.7250,0.8169,0.134434,0.097603,miss_sensitive_fn5_fp1,5.00,1.00,424,40,384
houston,houston_pooled_pairwise,hgbt,0.83,29,1,383,11,0.9667,0.7250,0.8286,0.132075,0.095890,miss_sensitive_fn5_fp1,5.00,1.00,424,40,384
houston,houston_pooled_pairwise,hgbt,0.84,29,1,383,11,0.9667,0.7250,0.8286,0.132075,0.095890,miss_sensitive_fn5_fp1,5.00,1.00,424,40,384
houston,houston_pooled_pairwise,hgbt,0.85,29,1,383,11,0.9667,0.7250,0.8286,0.132075,0.095890,miss_sensitive_fn5_fp1,5.00,1.00,424,40,384
houston,houston_pooled_pairwise,hgbt,0.86,29,1,383,11,0.9667,0.7250,0.8286,0.132075,0.095890,miss_sensitive_fn5_fp1,5.00,1.00,424,40,384
houston,houston_pooled_pairwise,hgbt,0.87,29,1,383,11,0.9667,0.7250,0.8286,0.132075,0.095890,miss_sensitive_fn5_fp1,5.00,1.00,424,40,384
houston,houston_pooled_pairwise,hgbt,0.88,29,1,383,11,0.9667,0.7250,0.8286,0.132075,0.095890,miss_sensitive_fn5_fp1,5.00,1.00,424,40,384
houston,houston_pooled_pairwise,hgbt,0.89,29,1,383,11,0.9667,0.7250,0.8286,0.132075,0.095890,miss_sensitive_fn5_fp1,5.00,1.00,424,40,384
houston,houston_pooled_pairwise,hgbt,0.90,29,1,383,11,0.9667,0.7250,0.8286,0.132075,0.095890,miss_sensitive_fn5_fp1,5.00,1.00,424,40,384
houston,houston_pooled_pairwise,hgbt,0.91,29,1,383,11,0.9667,0.7250,0.8286,0.132075,0.095890,miss_sensitive_fn5_fp1,5.00,1.00,424,40,384
houston,houston_pooled_pairwise,hgbt,0.92,29,1,383,11,0.9667,0.7250,0.8286,0.132075,0.095890,miss_sensitive_fn5_fp1,5.00,1.00,424,40,384
houston,houston_pooled_pairwise,hgbt,0.93,29,1,383,11,0.9667,0.7250,0.8286,0.132075,0.095890,miss_sensitive_fn5_fp1,5.00,1.00,424,40,384
houston,houston_pooled_pairwise,hgbt,0.94,29,1,383,11,0.9667,0.7250,0.8286,0.132075,0.095890,miss_sensitive_fn5_fp1,5.00,1.00,424,40,384
houston,houston_pooled_pairwise,hgbt,0.95,29,1,383,11,0.9667,0.7250,0.8286,0.132075,0.095890,miss_sensitive_fn5_fp1,5.00,1.00,424,40,384
houston,houston_pooled_pairwise,hgbt,0.96,29,0,384,11,1.0000,0.7250,0.8406,0.129717,0.094178,miss_sensitive_fn5_fp1,5.00,1.00,424,40,384
houston,houston_pooled_pairwise,hgbt,0.97,29,0,384,11,1.0000,0.7250,0.8406,0.129717,0.094178,miss_sensitive_fn5_fp1,5.00,1.00,424,40,384
houston,houston_pooled_pairwise,hgbt,0.98,27,0,384,13,1.0000,0.6750,0.8060,0.153302,0.111301,miss_sensitive_fn5_fp1,5.00,1.00,424,40,384
houston,houston_pooled_pairwise,hgbt,0.99,25,0,384,15,1.0000,0.6250,0.7692,0.176887,0.128425,miss_sensitive_fn5_fp1,5.00,1.00,424,40,384
houston,houston_pooled_pairwise,hgbt,1.00,0,0,384,40,0.0000,0.0000,0.0000,0.471698,0.342466,miss_sensitive_fn5_fp1,5.00,1.00,424,40,384
nola,nola_pooled_pairwise,hgbt,0.00,50,1321,0,0,0.0365,1.0000,0.0704,0.963530,0.840866,miss_sensitive_fn5_fp1,5.00,1.00,1371,50,1321
nola,nola_pooled_pairwise,hgbt,0.01,49,142,1179,1,0.2565,0.9800,0.4066,0.107221,0.093571,miss_sensitive_fn5_fp1,5.00,1.00,1371,50,1321
nola,nola_pooled_pairwise,hgbt,0.02,45,119,1202,5,0.2744,0.9000,0.4206,0.105033,0.091661,miss_sensitive_fn5_fp1,5.00,1.00,1371,50,1321
nola,nola_pooled_pairwise,hgbt,0.03,45,113,1208,5,0.2848,0.9000,0.4327,0.100656,0.087842,miss_sensitive_fn5_fp1,5.00,1.00,1371,50,1321
nola,nola_pooled_pairwise,hgbt,0.04,45,104,1217,5,0.3020,0.9000,0.4523,0.094092,0.082113,miss_sensitive_fn5_fp1,5.00,1.00,1371,50,1321
nola,nola_pooled_pairwise,hgbt,0.05,45,101,1220,5,0.3082,0.9000,0.4592,0.091904,0.080204,miss_sensitive_fn5_fp1,5.00,1.00,1371,50,1321
nola,nola_pooled_pairwise,hgbt,0.06,45,97,1224,5,0.3169,0.9000,0.4687,0.088986,0.077658,miss_sensitive_fn5_fp1,5.00,1.00,1371,50,1321
nola,nola_pooled_pairwise,hgbt,0.07,44,93,1228,6,0.3212,0.8800,0.4706,0.089716,0.078294,miss_sensitive_fn5_fp1,5.00,1.00,1371,50,1321
nola,nola_pooled_pairwise,hgbt,0.08,44,87,1234,6,0.3359,0.8800,0.4862,0.085339,0.074475,miss_sensitive_fn5_fp1,5.00,1.00,1371,50,1321
nola,nola_pooled_pairwise,hgbt,0.09,44,84,1237,6,0.3438,0.8800,0.4944,0.083151,0.072565,miss_sensitive_fn5_fp1,5.00,1.00,1371,50,1321
nola,nola_pooled_pairwise,hgbt,0.10,44,84,1237,6,0.3438,0.8800,0.4944,0.083151,0.072565,miss_sensitive_fn5_fp1,5.00,1.00,1371,50,1321
nola,nola_pooled_pairwise,hgbt,0.11,44,83,1238,6,0.3465,0.8800,0.4972,0.082422,0.071929,miss_sensitive_fn5_fp1,5.00,1.00,1371,50,1321
nola,nola_pooled_pairwise,hgbt,0.12,44,80,1241,6,0.3548,0.8800,0.5057,0.080233,0.070019,miss_sensitive_fn5_fp1,5.00,1.00,1371,50,1321
nola,nola_pooled_pairwise,hgbt,0.13,44,79,1242,6,0.3577,0.8800,0.5087,0.079504,0.069383,miss_sensitive_fn5_fp1,5.00,1.00,1371,50,1321
nola,nola_pooled_pairwise,hgbt,0.14,43,74,1247,7,0.3675,0.8600,0.5150,0.079504,0.069383,miss_sensitive_fn5_fp1,5.00,1.00,1371,50,1321
nola,nola_pooled_pairwise,hgbt,0.15,42,72,1249,8,0.3684,0.8400,0.5122,0.081692,0.071292,miss_sensitive_fn5_fp1,5.00,1.00,1371,50,1321
nola,nola_pooled_pairwise,hgbt,0.16,42,69,1252,8,0.3784,0.8400,0.5217,0.079504,0.069383,miss_sensitive_fn5_fp1,5.00,1.00,1371,50,1321
nola,nola_pooled_pairwise,hgbt,0.17,42,68,1253,8,0.3818,0.8400,0.5250,0.078775,0.068746,miss_sensitive_fn5_fp1,5.00,1.00,1371,50,1321
nola,nola_pooled_pairwise,hgbt,0.18,42,67,1254,8,0.3853,0.8400,0.5283,0.078045,0.068109,miss_sensitive_fn5_fp1,5.00,1.00,1371,50,1321
nola,nola_pooled_pairwise,hgbt,0.19,42,66,1255,8,0.3889,0.8400,0.5316,0.077316,0.067473,miss_sensitive_fn5_fp1,5.00,1.00,1371,50,1321
nola,nola_pooled_pairwise,hgbt,0.20,42,65,1256,8,0.3925,0.8400,0.5350,0.076586,0.066836,miss_sensitive_fn5_fp1,5.00,1.00,1371,50,1321
nola,nola_pooled_pairwise,hgbt,0.21,42,62,1259,8,0.4038,0.8400,0.5455,0.074398,0.064927,miss_sensitive_fn5_fp1,5.00,1.00,1371,50,1321
nola,nola_pooled_pairwise,hgbt,0.22,42,61,1260,8,0.4078,0.8400,0.5490,0.073669,0.064290,miss_sensitive_fn5_fp1,5.00,1.00,1371,50,1321
nola,nola_pooled_pairwise,hgbt,0.23,42,60,1261,8,0.4118,0.8400,0.5526,0.072939,0.063654,miss_sensitive_fn5_fp1,5.00,1.00,1371,50,1321
nola,nola_pooled_pairwise,hgbt,0.24,42,59,1262,8,0.4158,0.8400,0.5563,0.072210,0.063017,miss_sensitive_fn5_fp1,5.00,1.00,1371,50,1321
nola,nola_pooled_pairwise,hgbt,0.25,42,56,1265,8,0.4286,0.8400,0.5676,0.070022,0.061108,miss_sensitive_fn5_fp1,5.00,1.00,1371,50,1321
nola,nola_pooled_pairwise,hgbt,0.26,42,55,1266,8,0.4330,0.8400,0.5714,0.069292,0.060471,miss_sensitive_fn5_fp1,5.00,1.00,1371,50,1321
nola,nola_pooled_pairwise,hgbt,0.27,42,53,1268,8,0.4421,0.8400,0.5793,0.067834,0.059198,miss_sensitive_fn5_fp1,5.00,1.00,1371,50,1321
nola,nola_pooled_pairwise,hgbt,0.28,42,52,1269,8,0.4468,0.8400,0.5833,0.067104,0.058561,miss_sensitive_fn5_fp1,5.00,1.00,1371,50,1321
nola,nola_pooled_pairwise,hgbt,0.29,42,52,1269,8,0.4468,0.8400,0.5833,0.067104,0.058561,miss_sensitive_fn5_fp1,5.00,1.00,1371,50,1321
nola,nola_pooled_pairwise,hgbt,0.30,42,51,1270,8,0.4516,0.8400,0.5874,0.066375,0.057925,miss_sensitive_fn5_fp1,5.00,1.00,1371,50,1321
nola,nola_pooled_pairwise,hgbt,0.31,42,49,1272,8,0.4615,0.8400,0.5957,0.064916,0.056652,miss_sensitive_fn5_fp1,5.00,1.00,1371,50,1321
nola,nola_pooled_pairwise,hgbt,0.32,41,47,1274,9,0.4659,0.8200,0.5942,0.067104,0.058561,miss_sensitive_fn5_fp1,5.00,1.00,1371,50,1321
nola,nola_pooled_pairwise,hgbt,0.33,41,45,1276,9,0.4767,0.8200,0.6029,0.065646,0.057288,miss_sensitive_fn5_fp1,5.00,1.00,1371,50,1321
nola,nola_pooled_pairwise,hgbt,0.34,40,43,1278,10,0.4819,0.8000,0.6015,0.067834,0.059198,miss_sensitive_fn5_fp1,5.00,1.00,1371,50,1321
nola,nola_pooled_pairwise,hgbt,0.35,40,43,1278,10,0.4819,0.8000,0.6015,0.067834,0.059198,miss_sensitive_fn5_fp1,5.00,1.00,1371,50,1321
nola,nola_pooled_pairwise,hgbt,0.36,40,40,1281,10,0.5000,0.8000,0.6154,0.065646,0.057288,miss_sensitive_fn5_fp1,5.00,1.00,1371,50,1321
nola,nola_pooled_pairwise,hgbt,0.37,40,39,1282,10,0.5063,0.8000,0.6202,0.064916,0.056652,miss_sensitive_fn5_fp1,5.00,1.00,1371,50,1321
nola,nola_pooled_pairwise,hgbt,0.38,40,38,1283,10,0.5128,0.8000,0.6250,0.064187,0.056015,miss_sensitive_fn5_fp1,5.00,1.00,1371,50,1321
nola,nola_pooled_pairwise,hgbt,0.39,39,37,1284,11,0.5132,0.7800,0.6190,0.067104,0.058561,miss_sensitive_fn5_fp1,5.00,1.00,1371,50,1321
nola,nola_pooled_pairwise,hgbt,0.40,39,37,1284,11,0.5132,0.7800,0.6190,0.067104,0.058561,miss_sensitive_fn5_fp1,5.00,1.00,1371,50,1321
nola,nola_pooled_pairwise,hgbt,0.41,39,36,1285,11,0.5200,0.7800,0.6240,0.066375,0.057925,miss_sensitive_fn5_fp1,5.00,1.00,1371,50,1321
nola,nola_pooled_pairwise,hgbt,0.42,38,35,1286,12,0.5205,0.7600,0.6179,0.069292,0.060471,miss_sensitive_fn5_fp1,5.00,1.00,1371,50,1321
nola,nola_pooled_pairwise,hgbt,0.43,38,34,1287,12,0.5278,0.7600,0.6230,0.068563,0.059835,miss_sensitive_fn5_fp1,5.00,1.00,1371,50,1321
nola,nola_pooled_pairwise,hgbt,0.44,37,33,1288,13,0.5286,0.7400,0.6167,0.071481,0.062381,miss_sensitive_fn5_fp1,5.00,1.00,1371,50,1321
nola,nola_pooled_pairwise,hgbt,0.45,37,33,1288,13,0.5286,0.7400,0.6167,0.071481,0.062381,miss_sensitive_fn5_fp1,5.00,1.00,1371,50,1321
nola,nola_pooled_pairwise,hgbt,0.46,37,33,1288,13,0.5286,0.7400,0.6167,0.071481,0.062381,miss_sensitive_fn5_fp1,5.00,1.00,1371,50,1321
nola,nola_pooled_pairwise,hgbt,0.47,37,31,1290,13,0.5441,0.7400,0.6271,0.070022,0.061108,miss_sensitive_fn5_fp1,5.00,1.00,1371,50,1321
nola,nola_pooled_pairwise,hgbt,0.48,36,30,1291,14,0.5455,0.7200,0.6207,0.072939,0.063654,miss_sensitive_fn5_fp1,5.00,1.00,1371,50,1321
nola,nola_pooled_pairwise,hgbt,0.49,36,29,1292,14,0.5538,0.7200,0.6261,0.072210,0.063017,miss_sensitive_fn5_fp1,5.00,1.00,1371,50,1321
nola,nola_pooled_pairwise,hgbt,0.50,35,29,1292,15,0.5469,0.7000,0.6140,0.075857,0.066200,miss_sensitive_fn5_fp1,5.00,1.00,1371,50,1321
nola,nola_pooled_pairwise,hgbt,0.51,35,29,1292,15,0.5469,0.7000,0.6140,0.075857,0.066200,miss_sensitive_fn5_fp1,5.00,1.00,1371,50,1321
nola,nola_pooled_pairwise,hgbt,0.52,35,28,1293,15,0.5556,0.7000,0.6195,0.075128,0.065563,miss_sensitive_fn5_fp1,5.00,1.00,1371,50,1321
nola,nola_pooled_pairwise,hgbt,0.53,34,27,1294,16,0.5574,0.6800,0.6126,0.078045,0.068109,miss_sensitive_fn5_fp1,5.00,1.00,1371,50,1321
nola,nola_pooled_pairwise,hgbt,0.54,34,27,1294,16,0.5574,0.6800,0.6126,0.078045,0.068109,miss_sensitive_fn5_fp1,5.00,1.00,1371,50,1321
nola,nola_pooled_pairwise,hgbt,0.55,34,27,1294,16,0.5574,0.6800,0.6126,0.078045,0.068109,miss_sensitive_fn5_fp1,5.00,1.00,1371,50,1321
nola,nola_pooled_pairwise,hgbt,0.56,34,27,1294,16,0.5574,0.6800,0.6126,0.078045,0.068109,miss_sensitive_fn5_fp1,5.00,1.00,1371,50,1321
nola,nola_pooled_pairwise,hgbt,0.57,34,27,1294,16,0.5574,0.6800,0.6126,0.078045,0.068109,miss_sensitive_fn5_fp1,5.00,1.00,1371,50,1321
nola,nola_pooled_pairwise,hgbt,0.58,33,26,1295,17,0.5593,0.6600,0.6055,0.080963,0.070656,miss_sensitive_fn5_fp1,5.00,1.00,1371,50,1321
nola,nola_pooled_pairwise,hgbt,0.59,33,26,1295,17,0.5593,0.6600,0.6055,0.080963,0.070656,miss_sensitive_fn5_fp1,5.00,1.00,1371,50,1321
nola,nola_pooled_pairwise,hgbt,0.60,33,26,1295,17,0.5593,0.6600,0.6055,0.080963,0.070656,miss_sensitive_fn5_fp1,5.00,1.00,1371,50,1321
nola,nola_pooled_pairwise,hgbt,0.61,33,25,1296,17,0.5690,0.6600,0.6111,0.080233,0.070019,miss_sensitive_fn5_fp1,5.00,1.00,1371,50,1321
nola,nola_pooled_pairwise,hgbt,0.62,32,24,1297,18,0.5714,0.6400,0.6038,0.083151,0.072565,miss_sensitive_fn5_fp1,5.00,1.00,1371,50,1321
nola,nola_pooled_pairwise,hgbt,0.63,32,24,1297,18,0.5714,0.6400,0.6038,0.083151,0.072565,miss_sensitive_fn5_fp1,5.00,1.00,1371,50,1321
nola,nola_pooled_pairwise,hgbt,0.64,32,23,1298,18,0.5818,0.6400,0.6095,0.082422,0.071929,miss_sensitive_fn5_fp1,5.00,1.00,1371,50,1321
nola,nola_pooled_pairwise,hgbt,0.65,32,23,1298,18,0.5818,0.6400,0.6095,0.082422,0.071929,miss_sensitive_fn5_fp1,5.00,1.00,1371,50,1321
nola,nola_pooled_pairwise,hgbt,0.66,31,23,1298,19,0.5741,0.6200,0.5962,0.086069,0.075111,miss_sensitive_fn5_fp1,5.00,1.00,1371,50,1321
nola,nola_pooled_pairwise,hgbt,0.67,31,22,1299,19,0.5849,0.6200,0.6019,0.085339,0.074475,miss_sensitive_fn5_fp1,5.00,1.00,1371,50,1321
nola,nola_pooled_pairwise,hgbt,0.68,31,22,1299,19,0.5849,0.6200,0.6019,0.085339,0.074475,miss_sensitive_fn5_fp1,5.00,1.00,1371,50,1321
nola,nola_pooled_pairwise,hgbt,0.69,31,22,1299,19,0.5849,0.6200,0.6019,0.085339,0.074475,miss_sensitive_fn5_fp1,5.00,1.00,1371,50,1321
nola,nola_pooled_pairwise,hgbt,0.70,31,22,1299,19,0.5849,0.6200,0.6019,0.085339,0.074475,miss_sensitive_fn5_fp1,5.00,1.00,1371,50,1321
nola,nola_pooled_pairwise,hgbt,0.71,31,22,1299,19,0.5849,0.6200,0.6019,0.085339,0.074475,miss_sensitive_fn5_fp1,5.00,1.00,1371,50,1321
nola,nola_pooled_pairwise,hgbt,0.72,31,22,1299,19,0.5849,0.6200,0.6019,0.085339,0.074475,miss_sensitive_fn5_fp1,5.00,1.00,1371,50,1321
nola,nola_pooled_pairwise,hgbt,0.73,31,22,1299,19,0.5849,0.6200,0.6019,0.085339,0.074475,miss_sensitive_fn5_fp1,5.00,1.00,1371,50,1321
nola,nola_pooled_pairwise,hgbt,0.74,29,21,1300,21,0.5800,0.5800,0.5800,0.091904,0.080204,miss_sensitive_fn5_fp1,5.00,1.00,1371,50,1321
nola,nola_pooled_pairwise,hgbt,0.75,29,20,1301,21,0.5918,0.5800,0.5859,0.091174,0.079567,miss_sensitive_fn5_fp1,5.00,1.00,1371,50,1321
nola,nola_pooled_pairwise,hgbt,0.76,28,20,1301,22,0.5833,0.5600,0.5714,0.094821,0.082750,miss_sensitive_fn5_fp1,5.00,1.00,1371,50,1321
nola,nola_pooled_pairwise,hgbt,0.77,28,19,1302,22,0.5957,0.5600,0.5773,0.094092,0.082113,miss_sensitive_fn5_fp1,5.00,1.00,1371,50,1321
nola,nola_pooled_pairwise,hgbt,0.78,28,19,1302,22,0.5957,0.5600,0.5773,0.094092,0.082113,miss_sensitive_fn5_fp1,5.00,1.00,1371,50,1321
nola,nola_pooled_pairwise,hgbt,0.79,28,19,1302,22,0.5957,0.5600,0.5773,0.094092,0.082113,miss_sensitive_fn5_fp1,5.00,1.00,1371,50,1321
nola,nola_pooled_pairwise,hgbt,0.80,28,19,1302,22,0.5957,0.5600,0.5773,0.094092,0.082113,miss_sensitive_fn5_fp1,5.00,1.00,1371,50,1321
nola,nola_pooled_pairwise,hgbt,0.81,27,19,1302,23,0.5870,0.5400,0.5625,0.097739,0.085296,miss_sensitive_fn5_fp1,5.00,1.00,1371,50,1321
nola,nola_pooled_pairwise,hgbt,0.82,27,18,1303,23,0.6000,0.5400,0.5684,0.097009,0.084659,miss_sensitive_fn5_fp1,5.00,1.00,1371,50,1321
nola,nola_pooled_pairwise,hgbt,0.83,27,18,1303,23,0.6000,0.5400,0.5684,0.097009,0.084659,miss_sensitive_fn5_fp1,5.00,1.00,1371,50,1321
nola,nola_pooled_pairwise,hgbt,0.84,27,18,1303,23,0.6000,0.5400,0.5684,0.097009,0.084659,miss_sensitive_fn5_fp1,5.00,1.00,1371,50,1321
nola,nola_pooled_pairwise,hgbt,0.85,27,18,1303,23,0.6000,0.5400,0.5684,0.097009,0.084659,miss_sensitive_fn5_fp1,5.00,1.00,1371,50,1321
nola,nola_pooled_pairwise,hgbt,0.86,27,18,1303,23,0.6000,0.5400,0.5684,0.097009,0.084659,miss_sensitive_fn5_fp1,5.00,1.00,1371,50,1321
nola,nola_pooled_pairwise,hgbt,0.87,27,18,1303,23,0.6000,0.5400,0.5684,0.097009,0.084659,miss_sensitive_fn5_fp1,5.00,1.00,1371,50,1321
nola,nola_pooled_pairwise,hgbt,0.88,27,17,1304,23,0.6136,0.5400,0.5745,0.096280,0.084023,miss_sensitive_fn5_fp1,5.00,1.00,1371,50,1321
nola,nola_pooled_pairwise,hgbt,0.89,27,15,1306,23,0.6429,0.5400,0.5870,0.094821,0.082750,miss_sensitive_fn5_fp1,5.00,1.00,1371,50,1321
nola,nola_pooled_pairwise,hgbt,0.90,27,15,1306,23,0.6429,0.5400,0.5870,0.094821,0.082750,miss_sensitive_fn5_fp1,5.00,1.00,1371,50,1321
nola,nola_pooled_pairwise,hgbt,0.91,27,14,1307,23,0.6585,0.5400,0.5934,0.094092,0.082113,miss_sensitive_fn5_fp1,5.00,1.00,1371,50,1321
nola,nola_pooled_pairwise,hgbt,0.92,27,12,1309,23,0.6923,0.5400,0.6067,0.092633,0.080840,miss_sensitive_fn5_fp1,5.00,1.00,1371,50,1321
nola,nola_pooled_pairwise,hgbt,0.93,25,10,1311,25,0.7143,0.5000,0.5882,0.098468,0.085933,miss_sensitive_fn5_fp1,5.00,1.00,1371,50,1321
nola,nola_pooled_pairwise,hgbt,0.94,23,9,1312,27,0.7188,0.4600,0.5610,0.105033,0.091661,miss_sensitive_fn5_fp1,5.00,1.00,1371,50,1321
nola,nola_pooled_pairwise,hgbt,0.95,21,8,1313,29,0.7241,0.4200,0.5316,0.111597,0.097390,miss_sensitive_fn5_fp1,5.00,1.00,1371,50,1321
nola,nola_pooled_pairwise,hgbt,0.96,21,7,1314,29,0.7500,0.4200,0.5385,0.110868,0.096754,miss_sensitive_fn5_fp1,5.00,1.00,1371,50,1321
nola,nola_pooled_pairwise,hgbt,0.97,17,5,1316,33,0.7727,0.3400,0.4722,0.123997,0.108211,miss_sensitive_fn5_fp1,5.00,1.00,1371,50,1321
nola,nola_pooled_pairwise,hgbt,0.98,15,4,1317,35,0.7895,0.3000,0.4348,0.130562,0.113940,miss_sensitive_fn5_fp1,5.00,1.00,1371,50,1321
nola,nola_pooled_pairwise,hgbt,0.99,12,3,1318,38,0.8000,0.2400,0.3692,0.140773,0.122852,miss_sensitive_fn5_fp1,5.00,1.00,1371,50,1321
nola,nola_pooled_pairwise,hgbt,1.00,0,0,1321,50,0.0000,0.0000,0.0000,0.182349,0.159134,miss_sensitive_fn5_fp1,5.00,1.00,1371,50,1321
seattle,seattle_pooled_pairwise,extra_trees,0.00,59,362,0,0,0.1401,1.0000,0.2458,0.859857,0.550989,miss_sensitive_fn5_fp1,5.00,1.00,421,59,362
seattle,seattle_pooled_pairwise,extra_trees,0.01,58,200,162,1,0.2248,0.9831,0.3659,0.486936,0.312024,miss_sensitive_fn5_fp1,5.00,1.00,421,59,362
seattle,seattle_pooled_pairwise,extra_trees,0.02,57,121,241,2,0.3202,0.9661,0.4810,0.311164,0.199391,miss_sensitive_fn5_fp1,5.00,1.00,421,59,362
seattle,seattle_pooled_pairwise,extra_trees,0.03,57,98,264,2,0.3677,0.9661,0.5327,0.256532,0.164384,miss_sensitive_fn5_fp1,5.00,1.00,421,59,362
seattle,seattle_pooled_pairwise,extra_trees,0.04,56,83,279,3,0.4029,0.9492,0.5657,0.232779,0.149163,miss_sensitive_fn5_fp1,5.00,1.00,421,59,362
seattle,seattle_pooled_pairwise,extra_trees,0.05,56,77,285,3,0.4211,0.9492,0.5833,0.218527,0.140030,miss_sensitive_fn5_fp1,5.00,1.00,421,59,362
seattle,seattle_pooled_pairwise,extra_trees,0.06,56,71,291,3,0.4409,0.9492,0.6022,0.204276,0.130898,miss_sensitive_fn5_fp1,5.00,1.00,421,59,362
seattle,seattle_pooled_pairwise,extra_trees,0.07,56,67,295,3,0.4553,0.9492,0.6154,0.194774,0.124810,miss_sensitive_fn5_fp1,5.00,1.00,421,59,362
seattle,seattle_pooled_pairwise,extra_trees,0.08,56,62,300,3,0.4746,0.9492,0.6328,0.182898,0.117199,miss_sensitive_fn5_fp1,5.00,1.00,421,59,362
seattle,seattle_pooled_pairwise,extra_trees,0.09,56,54,308,3,0.5091,0.9492,0.6627,0.163895,0.105023,miss_sensitive_fn5_fp1,5.00,1.00,421,59,362
seattle,seattle_pooled_pairwise,extra_trees,0.10,56,50,312,3,0.5283,0.9492,0.6788,0.154394,0.098935,miss_sensitive_fn5_fp1,5.00,1.00,421,59,362
seattle,seattle_pooled_pairwise,extra_trees,0.11,56,46,316,3,0.5490,0.9492,0.6957,0.144893,0.092846,miss_sensitive_fn5_fp1,5.00,1.00,421,59,362
seattle,seattle_pooled_pairwise,extra_trees,0.12,56,44,318,3,0.5600,0.9492,0.7044,0.140143,0.089802,miss_sensitive_fn5_fp1,5.00,1.00,421,59,362
seattle,seattle_pooled_pairwise,extra_trees,0.13,56,43,319,3,0.5657,0.9492,0.7089,0.137767,0.088280,miss_sensitive_fn5_fp1,5.00,1.00,421,59,362
seattle,seattle_pooled_pairwise,extra_trees,0.14,56,42,320,3,0.5714,0.9492,0.7134,0.135392,0.086758,miss_sensitive_fn5_fp1,5.00,1.00,421,59,362
seattle,seattle_pooled_pairwise,extra_trees,0.15,55,41,321,4,0.5729,0.9322,0.7097,0.144893,0.092846,miss_sensitive_fn5_fp1,5.00,1.00,421,59,362
seattle,seattle_pooled_pairwise,extra_trees,0.16,55,40,322,4,0.5789,0.9322,0.7143,0.142518,0.091324,miss_sensitive_fn5_fp1,5.00,1.00,421,59,362
seattle,seattle_pooled_pairwise,extra_trees,0.17,55,36,326,4,0.6044,0.9322,0.7333,0.133017,0.085236,miss_sensitive_fn5_fp1,5.00,1.00,421,59,362
seattle,seattle_pooled_pairwise,extra_trees,0.18,55,36,326,4,0.6044,0.9322,0.7333,0.133017,0.085236,miss_sensitive_fn5_fp1,5.00,1.00,421,59,362
seattle,seattle_pooled_pairwise,extra_trees,0.19,55,33,329,4,0.6250,0.9322,0.7483,0.125891,0.080670,miss_sensitive_fn5_fp1,5.00,1.00,421,59,362
seattle,seattle_pooled_pairwise,extra_trees,0.20,55,30,332,4,0.6471,0.9322,0.7639,0.118765,0.076104,miss_sensitive_fn5_fp1,5.00,1.00,421,59,362
seattle,seattle_pooled_pairwise,extra_trees,0.21,55,30,332,4,0.6471,0.9322,0.7639,0.118765,0.076104,miss_sensitive_fn5_fp1,5.00,1.00,421,59,362
seattle,seattle_pooled_pairwise,extra_trees,0.22,55,29,333,4,0.6548,0.9322,0.7692,0.116390,0.074581,miss_sensitive_fn5_fp1,5.00,1.00,421,59,362
seattle,seattle_pooled_pairwise,extra_trees,0.23,55,26,336,4,0.6790,0.9322,0.7857,0.109264,0.070015,miss_sensitive_fn5_fp1,5.00,1.00,421,59,362
seattle,seattle_pooled_pairwise,extra_trees,0.24,54,26,336,5,0.6750,0.9153,0.7770,0.121140,0.077626,miss_sensitive_fn5_fp1,5.00,1.00,421,59,362
seattle,seattle_pooled_pairwise,extra_trees,0.25,54,26,336,5,0.6750,0.9153,0.7770,0.121140,0.077626,miss_sensitive_fn5_fp1,5.00,1.00,421,59,362
seattle,seattle_pooled_pairwise,extra_trees,0.26,54,25,337,5,0.6835,0.9153,0.7826,0.118765,0.076104,miss_sensitive_fn5_fp1,5.00,1.00,421,59,362
seattle,seattle_pooled_pairwise,extra_trees,0.27,54,25,337,5,0.6835,0.9153,0.7826,0.118765,0.076104,miss_sensitive_fn5_fp1,5.00,1.00,421,59,362
seattle,seattle_pooled_pairwise,extra_trees,0.28,54,24,338,5,0.6923,0.9153,0.7883,0.116390,0.074581,miss_sensitive_fn5_fp1,5.00,1.00,421,59,362
seattle,seattle_pooled_pairwise,extra_trees,0.29,54,23,339,5,0.7013,0.9153,0.7941,0.114014,0.073059,miss_sensitive_fn5_fp1,5.00,1.00,421,59,362
seattle,seattle_pooled_pairwise,extra_trees,0.30,54,22,340,5,0.7105,0.9153,0.8000,0.111639,0.071537,miss_sensitive_fn5_fp1,5.00,1.00,421,59,362
seattle,seattle_pooled_pairwise,extra_trees,0.31,54,21,341,5,0.7200,0.9153,0.8060,0.109264,0.070015,miss_sensitive_fn5_fp1,5.00,1.00,421,59,362
seattle,seattle_pooled_pairwise,extra_trees,0.32,54,20,342,5,0.7297,0.9153,0.8120,0.106888,0.068493,miss_sensitive_fn5_fp1,5.00,1.00,421,59,362
seattle,seattle_pooled_pairwise,extra_trees,0.33,54,20,342,5,0.7297,0.9153,0.8120,0.106888,0.068493,miss_sensitive_fn5_fp1,5.00,1.00,421,59,362
seattle,seattle_pooled_pairwise,extra_trees,0.34,54,20,342,5,0.7297,0.9153,0.8120,0.106888,0.068493,miss_sensitive_fn5_fp1,5.00,1.00,421,59,362
seattle,seattle_pooled_pairwise,extra_trees,0.35,54,19,343,5,0.7397,0.9153,0.8182,0.104513,0.066971,miss_sensitive_fn5_fp1,5.00,1.00,421,59,362
seattle,seattle_pooled_pairwise,extra_trees,0.36,54,17,345,5,0.7606,0.9153,0.8308,0.099762,0.063927,miss_sensitive_fn5_fp1,5.00,1.00,421,59,362
seattle,seattle_pooled_pairwise,extra_trees,0.37,54,17,345,5,0.7606,0.9153,0.8308,0.099762,0.063927,miss_sensitive_fn5_fp1,5.00,1.00,421,59,362
seattle,seattle_pooled_pairwise,extra_trees,0.38,53,17,345,6,0.7571,0.8983,0.8217,0.111639,0.071537,miss_sensitive_fn5_fp1,5.00,1.00,421,59,362
seattle,seattle_pooled_pairwise,extra_trees,0.39,52,17,345,7,0.7536,0.8814,0.8125,0.123515,0.079148,miss_sensitive_fn5_fp1,5.00,1.00,421,59,362
seattle,seattle_pooled_pairwise,extra_trees,0.40,52,17,345,7,0.7536,0.8814,0.8125,0.123515,0.079148,miss_sensitive_fn5_fp1,5.00,1.00,421,59,362
seattle,seattle_pooled_pairwise,extra_trees,0.41,52,16,346,7,0.7647,0.8814,0.8189,0.121140,0.077626,miss_sensitive_fn5_fp1,5.00,1.00,421,59,362
seattle,seattle_pooled_pairwise,extra_trees,0.42,52,16,346,7,0.7647,0.8814,0.8189,0.121140,0.077626,miss_sensitive_fn5_fp1,5.00,1.00,421,59,362
seattle,seattle_pooled_pairwise,extra_trees,0.43,52,15,347,7,0.7761,0.8814,0.8254,0.118765,0.076104,miss_sensitive_fn5_fp1,5.00,1.00,421,59,362
seattle,seattle_pooled_pairwise,extra_trees,0.44,52,15,347,7,0.7761,0.8814,0.8254,0.118765,0.076104,miss_sensitive_fn5_fp1,5.00,1.00,421,59,362
seattle,seattle_pooled_pairwise,extra_trees,0.45,52,14,348,7,0.7879,0.8814,0.8320,0.116390,0.074581,miss_sensitive_fn5_fp1,5.00,1.00,421,59,362
seattle,seattle_pooled_pairwise,extra_trees,0.46,52,14,348,7,0.7879,0.8814,0.8320,0.116390,0.074581,miss_sensitive_fn5_fp1,5.00,1.00,421,59,362
seattle,seattle_pooled_pairwise,extra_trees,0.47,51,14,348,8,0.7846,0.8644,0.8226,0.128266,0.082192,miss_sensitive_fn5_fp1,5.00,1.00,421,59,362
seattle,seattle_pooled_pairwise,extra_trees,0.48,51,13,349,8,0.7969,0.8644,0.8293,0.125891,0.080670,miss_sensitive_fn5_fp1,5.00,1.00,421,59,362
seattle,seattle_pooled_pairwise,extra_trees,0.49,50,12,350,9,0.8065,0.8475,0.8264,0.135392,0.086758,miss_sensitive_fn5_fp1,5.00,1.00,421,59,362
seattle,seattle_pooled_pairwise,extra_trees,0.50,50,11,351,9,0.8197,0.8475,0.8333,0.133017,0.085236,miss_sensitive_fn5_fp1,5.00,1.00,421,59,362
seattle,seattle_pooled_pairwise,extra_trees,0.51,50,11,351,9,0.8197,0.8475,0.8333,0.133017,0.085236,miss_sensitive_fn5_fp1,5.00,1.00,421,59,362
seattle,seattle_pooled_pairwise,extra_trees,0.52,49,11,351,10,0.8167,0.8305,0.8235,0.144893,0.092846,miss_sensitive_fn5_fp1,5.00,1.00,421,59,362
seattle,seattle_pooled_pairwise,extra_trees,0.53,49,10,352,10,0.8305,0.8305,0.8305,0.142518,0.091324,miss_sensitive_fn5_fp1,5.00,1.00,421,59,362
seattle,seattle_pooled_pairwise,extra_trees,0.54,49,8,354,10,0.8596,0.8305,0.8448,0.137767,0.088280,miss_sensitive_fn5_fp1,5.00,1.00,421,59,362
seattle,seattle_pooled_pairwise,extra_trees,0.55,49,8,354,10,0.8596,0.8305,0.8448,0.137767,0.088280,miss_sensitive_fn5_fp1,5.00,1.00,421,59,362
seattle,seattle_pooled_pairwise,extra_trees,0.56,48,7,355,11,0.8727,0.8136,0.8421,0.147268,0.094368,miss_sensitive_fn5_fp1,5.00,1.00,421,59,362
seattle,seattle_pooled_pairwise,extra_trees,0.57,47,7,355,12,0.8704,0.7966,0.8319,0.159145,0.101979,miss_sensitive_fn5_fp1,5.00,1.00,421,59,362
seattle,seattle_pooled_pairwise,extra_trees,0.58,47,7,355,12,0.8704,0.7966,0.8319,0.159145,0.101979,miss_sensitive_fn5_fp1,5.00,1.00,421,59,362
seattle,seattle_pooled_pairwise,extra_trees,0.59,46,5,357,13,0.9020,0.7797,0.8364,0.166271,0.106545,miss_sensitive_fn5_fp1,5.00,1.00,421,59,362
seattle,seattle_pooled_pairwise,extra_trees,0.60,44,5,357,15,0.8980,0.7458,0.8148,0.190024,0.121766,miss_sensitive_fn5_fp1,5.00,1.00,421,59,362
seattle,seattle_pooled_pairwise,extra_trees,0.61,42,5,357,17,0.8936,0.7119,0.7925,0.213777,0.136986,miss_sensitive_fn5_fp1,5.00,1.00,421,59,362
seattle,seattle_pooled_pairwise,extra_trees,0.62,39,5,357,20,0.8864,0.6610,0.7573,0.249406,0.159817,miss_sensitive_fn5_fp1,5.00,1.00,421,59,362
seattle,seattle_pooled_pairwise,extra_trees,0.63,39,5,357,20,0.8864,0.6610,0.7573,0.249406,0.159817,miss_sensitive_fn5_fp1,5.00,1.00,421,59,362
seattle,seattle_pooled_pairwise,extra_trees,0.64,39,3,359,20,0.9286,0.6610,0.7723,0.244656,0.156773,miss_sensitive_fn5_fp1,5.00,1.00,421,59,362
seattle,seattle_pooled_pairwise,extra_trees,0.65,39,3,359,20,0.9286,0.6610,0.7723,0.244656,0.156773,miss_sensitive_fn5_fp1,5.00,1.00,421,59,362
seattle,seattle_pooled_pairwise,extra_trees,0.66,39,3,359,20,0.9286,0.6610,0.7723,0.244656,0.156773,miss_sensitive_fn5_fp1,5.00,1.00,421,59,362
seattle,seattle_pooled_pairwise,extra_trees,0.67,39,2,360,20,0.9512,0.6610,0.7800,0.242280,0.155251,miss_sensitive_fn5_fp1,5.00,1.00,421,59,362
seattle,seattle_pooled_pairwise,extra_trees,0.68,38,2,360,21,0.9500,0.6441,0.7677,0.254157,0.162861,miss_sensitive_fn5_fp1,5.00,1.00,421,59,362
seattle,seattle_pooled_pairwise,extra_trees,0.69,38,2,360,21,0.9500,0.6441,0.7677,0.254157,0.162861,miss_sensitive_fn5_fp1,5.00,1.00,421,59,362
seattle,seattle_pooled_pairwise,extra_trees,0.70,37,2,360,22,0.9487,0.6271,0.7551,0.266033,0.170472,miss_sensitive_fn5_fp1,5.00,1.00,421,59,362
seattle,seattle_pooled_pairwise,extra_trees,0.71,36,2,360,23,0.9474,0.6102,0.7423,0.277910,0.178082,miss_sensitive_fn5_fp1,5.00,1.00,421,59,362
seattle,seattle_pooled_pairwise,extra_trees,0.72,36,2,360,23,0.9474,0.6102,0.7423,0.277910,0.178082,miss_sensitive_fn5_fp1,5.00,1.00,421,59,362
seattle,seattle_pooled_pairwise,extra_trees,0.73,36,2,360,23,0.9474,0.6102,0.7423,0.277910,0.178082,miss_sensitive_fn5_fp1,5.00,1.00,421,59,362
seattle,seattle_pooled_pairwise,extra_trees,0.74,36,2,360,23,0.9474,0.6102,0.7423,0.277910,0.178082,miss_sensitive_fn5_fp1,5.00,1.00,421,59,362
seattle,seattle_pooled_pairwise,extra_trees,0.75,33,2,360,26,0.9429,0.5593,0.7021,0.313539,0.200913,miss_sensitive_fn5_fp1,5.00,1.00,421,59,362
seattle,seattle_pooled_pairwise,extra_trees,0.76,33,2,360,26,0.9429,0.5593,0.7021,0.313539,0.200913,miss_sensitive_fn5_fp1,5.00,1.00,421,59,362
seattle,seattle_pooled_pairwise,extra_trees,0.77,33,2,360,26,0.9429,0.5593,0.7021,0.313539,0.200913,miss_sensitive_fn5_fp1,5.00,1.00,421,59,362
seattle,seattle_pooled_pairwise,extra_trees,0.78,33,2,360,26,0.9429,0.5593,0.7021,0.313539,0.200913,miss_sensitive_fn5_fp1,5.00,1.00,421,59,362
seattle,seattle_pooled_pairwise,extra_trees,0.79,33,2,360,26,0.9429,0.5593,0.7021,0.313539,0.200913,miss_sensitive_fn5_fp1,5.00,1.00,421,59,362
seattle,seattle_pooled_pairwise,extra_trees,0.80,33,2,360,26,0.9429,0.5593,0.7021,0.313539,0.200913,miss_sensitive_fn5_fp1,5.00,1.00,421,59,362
seattle,seattle_pooled_pairwise,extra_trees,0.81,32,2,360,27,0.9412,0.5424,0.6882,0.325416,0.208524,miss_sensitive_fn5_fp1,5.00,1.00,421,59,362
seattle,seattle_pooled_pairwise,extra_trees,0.82,32,2,360,27,0.9412,0.5424,0.6882,0.325416,0.208524,miss_sensitive_fn5_fp1,5.00,1.00,421,59,362
seattle,seattle_pooled_pairwise,extra_trees,0.83,32,2,360,27,0.9412,0.5424,0.6882,0.325416,0.208524,miss_sensitive_fn5_fp1,5.00,1.00,421,59,362
seattle,seattle_pooled_pairwise,extra_trees,0.84,32,2,360,27,0.9412,0.5424,0.6882,0.325416,0.208524,miss_sensitive_fn5_fp1,5.00,1.00,421,59,362
seattle,seattle_pooled_pairwise,extra_trees,0.85,32,2,360,27,0.9412,0.5424,0.6882,0.325416,0.208524,miss_sensitive_fn5_fp1,5.00,1.00,421,59,362
seattle,seattle_pooled_pairwise,extra_trees,0.86,32,0,362,27,1.0000,0.5424,0.7033,0.320665,0.205479,miss_sensitive_fn5_fp1,5.00,1.00,421,59,362
seattle,seattle_pooled_pairwise,extra_trees,0.87,32,0,362,27,1.0000,0.5424,0.7033,0.320665,0.205479,miss_sensitive_fn5_fp1,5.00,1.00,421,59,362
seattle,seattle_pooled_pairwise,extra_trees,0.88,32,0,362,27,1.0000,0.5424,0.7033,0.320665,0.205479,miss_sensitive_fn5_fp1,5.00,1.00,421,59,362
seattle,seattle_pooled_pairwise,extra_trees,0.89,32,0,362,27,1.0000,0.5424,0.7033,0.320665,0.205479,miss_sensitive_fn5_fp1,5.00,1.00,421,59,362
seattle,seattle_pooled_pairwise,extra_trees,0.90,31,0,362,28,1.0000,0.5254,0.6889,0.332542,0.213090,miss_sensitive_fn5_fp1,5.00,1.00,421,59,362
seattle,seattle_pooled_pairwise,extra_trees,0.91,31,0,362,28,1.0000,0.5254,0.6889,0.332542,0.213090,miss_sensitive_fn5_fp1,5.00,1.00,421,59,362
seattle,seattle_pooled_pairwise,extra_trees,0.92,31,0,362,28,1.0000,0.5254,0.6889,0.332542,0.213090,miss_sensitive_fn5_fp1,5.00,1.00,421,59,362
seattle,seattle_pooled_pairwise,extra_trees,0.93,30,0,362,29,1.0000,0.5085,0.6742,0.344418,0.220700,miss_sensitive_fn5_fp1,5.00,1.00,421,59,362
seattle,seattle_pooled_pairwise,extra_trees,0.94,29,0,362,30,1.0000,0.4915,0.6591,0.356295,0.228311,miss_sensitive_fn5_fp1,5.00,1.00,421,59,362
seattle,seattle_pooled_pairwise,extra_trees,0.95,29,0,362,30,1.0000,0.4915,0.6591,0.356295,0.228311,miss_sensitive_fn5_fp1,5.00,1.00,421,59,362
seattle,seattle_pooled_pairwise,extra_trees,0.96,29,0,362,30,1.0000,0.4915,0.6591,0.356295,0.228311,miss_sensitive_fn5_fp1,5.00,1.00,421,59,362
seattle,seattle_pooled_pairwise,extra_trees,0.97,26,0,362,33,1.0000,0.4407,0.6118,0.391924,0.251142,miss_sensitive_fn5_fp1,5.00,1.00,421,59,362
seattle,seattle_pooled_pairwise,extra_trees,0.98,20,0,362,39,1.0000,0.3390,0.5063,0.463183,0.296804,miss_sensitive_fn5_fp1,5.00,1.00,421,59,362
seattle,seattle_pooled_pairwise,extra_trees,0.99,2,0,362,57,1.0000,0.0339,0.0656,0.676960,0.433790,miss_sensitive_fn5_fp1,5.00,1.00,421,59,362
seattle,seattle_pooled_pairwise,extra_trees,1.00,0,0,362,59,0.0000,0.0000,0.0000,0.700713,0.449011,miss_sensitive_fn5_fp1,5.00,1.00,421,59,362
